id;first_name;last_name;email;username;password;mobile
1;Kelton;Littel;Rodger_Walsh@yahoo.com;primary;among;39717
2;Alexanne;Kirlin;Mariela.Mohr@yahoo.com;SSL;lux;48662
3;Jarrod;Gutkowski;Jana_Crona@hotmail.com;Visionary insubstantial Som;Woodland California;23059
4;Orin;McKenzie;Marques_Bashirian@hotmail.com;Program Burundi;Northeast;80758
5;Zula;West;Finn.Torp79@gmail.com;henry Coupe South;Kwacha insistent;6571
6;Earline;Casper;Evelyn56@gmail.com;authorization;Nissan monitor sievert;10190
7;Stefan;Lind;Arvel_Stiedemann63@hotmail.com;Metal indigo;Holmium;27933
8;Sheila;Mraz;Jules_Bradtke98@gmail.com;National Poway Hip;Jaguar Hermaphrodite;79172
9;Wilber;Dickens;Sherwood45@hotmail.com;Rock Berkshire;Iceland models Hybrid;78852
10;Paolo;Runolfsdottir;Ben_Leuschke@gmail.com;neural;watt;93737
